Id,class_0,class_1
00eed32682bb,0.6489087932343883,0.3510912067656117
010ebe33f668,0.6489087932343883,0.3510912067656117
02fa521e1838,0.6489087932343883,0.3510912067656117
040e15f562a2,0.6489087932343883,0.3510912067656117
046e85c7cc7f,0.6489087932343883,0.3510912067656117
