Id,class_0,class_1
00eed32682bb,0.98950326,0.01049673
010ebe33f668,0.99848515,0.0015148412
02fa521e1838,0.99848515,0.0015148412
040e15f562a2,0.99848515,0.0015148412
046e85c7cc7f,0.99848515,0.0015148412
