Id,class_0,class_1
000ff2bfdfe9,0.22688526,0.77311474
007255e47698,0.99296945,0.0070305355
013f2bd269f5,0.95850563,0.04149434
043ac50845d5,0.99696356,0.0030364392
044fb8a146ec,0.05400181,0.9459982
