Id,class_0,class_1
00eed32682bb,0.9930112,0.006988832
010ebe33f668,0.9996512,0.00034882364
02fa521e1838,0.9996512,0.00034882364
040e15f562a2,0.9996512,0.00034882364
046e85c7cc7f,0.9996512,0.00034882364
