Id,class_0,class_1
000ff2bfdfe9,0.058823504,0.9411765
007255e47698,1.0,0.0
013f2bd269f5,0.83505154,0.16494846
043ac50845d5,1.0,0.0
044fb8a146ec,0.123287655,0.8767123
