Id,class_0,class_1
000ff2bfdfe9,1.5377998e-05,0.9999846
007255e47698,0.99999994,3.3227348e-08
013f2bd269f5,0.99997663,2.3335575e-05
043ac50845d5,1.0,9.726185e-16
044fb8a146ec,0.0,1.0
