Id,class_0,class_1
000ff2bfdfe9,0.08838326,0.91161674
007255e47698,0.98846316,0.011536877
013f2bd269f5,0.83719623,0.16280383
043ac50845d5,0.99780774,0.0021921922
044fb8a146ec,0.07604459,0.92395544
