Id,class_0,class_1
000ff2bfdfe9,0.07146741,0.9285326
007255e47698,0.9889352,0.011064813
013f2bd269f5,0.80253154,0.19746847
043ac50845d5,0.99832934,0.0016706148
044fb8a146ec,0.053088326,0.9469117
