Id,class_0,class_1
00eed32682bb,0.8765088675505984,0.12349113244940162
010ebe33f668,0.8765088675505984,0.12349113244940162
02fa521e1838,0.8765088675505984,0.12349113244940162
040e15f562a2,0.8765088675505984,0.12349113244940162
046e85c7cc7f,0.8765088675505984,0.12349113244940159
