Id,class_0,class_1
00eed32682bb,0.9467628923760342,0.05323710762396586
010ebe33f668,0.9467628923760342,0.05323710762396586
02fa521e1838,0.9467628923760342,0.05323710762396586
040e15f562a2,0.9467628923760342,0.05323710762396586
046e85c7cc7f,0.9467628923760342,0.053237107623965836
