Id,class_0,class_1
00eed32682bb,0.9166849895028293,0.08331501049717072
010ebe33f668,0.9166849895028293,0.08331501049717072
02fa521e1838,0.9166849895028293,0.08331501049717072
040e15f562a2,0.9166849895028293,0.08331501049717072
046e85c7cc7f,0.9166849895028293,0.08331501049717069
